Happiness level,Household Income,Children age,Gender,Satisfaction,Marital Status
9.043810682141924,72742.2915638535,12,Female,6.593162841522407,Married
27.1699967197633,164339.66151436395,12,Male,30.48741496058558,Single
22.18509743372631,78076.55325664792,6,Female,33.37270836295068,Married
41.06439399986341,172472.29976179384,12,Female,31.557413026006984,Divorced
8.122295000665488,77529.63674216266,6,Female,25.159892134432376,Married
26.746458363267728,173934.70999860944,13,Male,19.65747389737573,Single
9.840788321616674,178954.7393861465,12,Female,25.15065837977862,Married
24.56100784455564,173575.24605966016,12,Male,30.68570049250203,Single
32.097247741402384,77950.06971798376,11,Male,30.222143812566976,Single
15.001917717029457,52694.32328457925,10,Female,24.167240467045062,Married
-0.08105440347098658,77134.63082924247,12,Male,1.4403012429897792,Divorced
36.12886874200799,68206.0209931906,10,Female,31.78301071605948,Divorced
33.04816510645793,80817.97920014946,12,Male,21.016863164618858,Married
34.75160902246823,58481.72649290743,6,Male,29.80604034055108,Divorced
23.92925000230014,73298.52909773347,6,Female,28.115194817470453,Married
80.85013661071339,123784.0280694507,13,Male,85.57802172242683,Married
8.040210819646518,64956.75300311959,11,Female,16.542579594461742,Divorced
19.693632644157596,60030.29502240423,10,Female,29.16988800159831,Married
13.040356307519595,82458.33348885614,12,Female,11.444406008996268,Single
34.95902445905759,52087.00518279287,6,Female,33.595690635058226,Divorced
28.473433502518006,74761.42280979507,7,Male,32.52299133835965,Married
19.069220130587684,60180.94004312105,10,Male,20.409277235386554,Single
71.59444850395798,129543.24867162124,14,Male,75.89184028382661,Divorced
26.813659559765433,156171.21295027962,12,Male,27.03621802921827,Divorced
28.38867670165413,55332.1779323309,11,Male,19.332542989685315,Married
22.053416984638048,51692.96067691597,10,Female,29.110199246263225,Divorced
18.180732522631132,75112.46652067426,12,Male,10.445413921242071,Divorced
24.63161879992231,180757.247887637,12,Female,23.547278420303083,Single
17.21896180690991,68429.51005930363,10,Male,28.050435302487223,Single
37.02002287953845,175408.73193360568,13,Female,32.34264056313923,Married
14.978127503438733,49078.52438403474,11,Female,24.10196345741852,Single
13.198691718233468,61036.52249230782,11,Male,21.515611333496736,Divorced
8.604917134388543,77307.78017294483,12,Female,23.038650560597535,Married
106.37699262175283,129116.56302737108,13,Male,90.6821854893868,Married
19.998650595544788,86745.5886835645,6,Male,31.61252362582267,Married
45.32588728246109,77096.70882727671,5,Female,27.961903644425988,Married
23.174581374531634,156046.41993158212,11,Female,32.62777436794616,Single
21.792971456489134,41191.00394777187,11,Female,24.983922594900466,Divorced
33.26122327198844,54594.554497637524,10,Male,26.893745552587422,Single
27.26333271763912,70127.62591000993,12,Male,20.276210395226702,Divorced
31.326759313446683,57699.732815251074,11,Male,33.83239594864652,Divorced
66.35606965806716,125396.91108346387,13,Male,73.85819827791302,Single
39.88549015999334,171144.1884367229,13,Female,30.62709904874747,Married
74.20303276833508,140308.74161133298,13,Male,83.21833757141872,Divorced
90.1525604525958,126327.97989747502,13,Male,81.3461693688013,Married
13.056717335609342,73364.73844592924,10,Female,21.667007064499792,Divorced
37.04118788713986,161944.97121337947,12,Female,35.643203322873234,Married
31.08786314443658,74954.35212425087,12,Female,17.49754383669428,Divorced
10.7836614086176,85712.6427469939,6,Female,20.180562494669505,Divorced
23.14686203902838,85054.1068379961,6,Male,30.754743037606637,Single
32.13490630710038,60454.430352927986,10,Female,30.98507841171105,Divorced
33.920052165713564,79218.29190345133,6,Male,32.14205399020196,Married
-4.732631048191259,83937.08092643165,12,Male,12.171318373541652,Single
32.22142073571871,73483.38591476754,12,Female,20.426775364676878,Married
32.338360024532484,70631.41315448782,6,Male,32.967664107179765,Single
25.76433037684483,86027.21509431076,6,Female,37.05438361413593,Married
22.47052483491398,180554.60407055906,12,Male,29.708422581528247,Married
21.95947782527621,65473.18777342135,11,Male,29.080544346295618,Single
77.57698046277086,130420.63144529455,13,Female,76.54942080763337,Single
88.9446972955968,133438.41543289775,13,Female,93.75767983862619,Married
22.02448513319628,49988.37454713555,10,Female,29.895087906003184,Married
35.737932581935596,174798.10413350648,12,Female,34.90103083018072,Married
18.089317313411875,63541.03876635384,11,Female,27.151336615414,Divorced
5.618140477489389,79202.14747184665,12,Male,9.935823923904326,Divorced
0.0971617374597038,78324.3658214997,11,Female,12.658177788601176,Single
47.829712186595074,158301.26781912975,12,Female,32.47333582639298,Single
33.40249142156385,71206.81178835465,11,Female,31.313584543183794,Divorced
93.92376930963324,145965.1473535734,13,Male,92.69068812777103,Married
19.486516088454735,87792.29940080168,11,Female,25.96382691562674,Married
50.62189201675268,52837.181524756,10,Female,31.60968852861887,Single
25.878728181627253,74500.14532235856,10,Male,27.2485502694571,Divorced
23.12918456488369,47276.752308868905,11,Female,27.460325709819873,Single
24.860111432815753,86108.59807484575,10,Female,22.502360591949405,Single
74.85160411481183,142434.51685949106,13,Female,79.68009720776473,Single
22.67570217435411,160479.3825697733,11,Female,28.987955850948236,Single
101.30310334462159,130272.21231441628,13,Female,89.44854733368174,Married
19.356449913063273,76371.70061843577,6,Male,19.158788449587462,Divorced
39.35399757214938,170139.35999350846,12,Male,35.60916805937257,Divorced
20.907549546476343,167770.69315882723,12,Female,24.522857651410618,Single
34.16889442447271,77378.5346562636,10,Male,25.239610041161157,Married
89.06494237207744,132398.75771823124,13,Female,88.08092465793443,Divorced
96.14930185812767,154605.2266015827,13,Female,83.28427866733833,Married
18.93204870473676,62971.74847332257,10,Male,23.516375640802398,Married
32.3439379215879,175125.26693905375,12,Male,30.643280263640733,Divorced
39.03081447699269,167430.56187131768,12,Male,28.607504216933904,Divorced
4.412927797135902,65103.15612071006,11,Female,19.87562512181283,Single
35.994959228145575,171689.99698352543,12,Male,35.48804885720983,Married
24.757491361598976,153758.03259456388,12,Female,27.979788425354478,Married
19.742260931728985,85317.45109889485,12,Male,20.202134330808544,Divorced
27.106062679833368,73936.44636680215,6,Male,25.11931810267359,Divorced
30.55048476959717,73875.11636788037,6,Female,31.551644666851637,Single
16.721585885095976,88688.72161375055,6,Female,24.502373666737462,Married
5.867811260495371,76259.88140937011,11,Female,13.01933278659931,Divorced
63.5910178636846,125703.15493227744,13,Male,79.10171816928701,Married
85.09881537924018,132578.85218581386,13,Male,84.67518044081517,Single
31.85262424544523,79173.0459178923,11,Female,18.821753850668117,Single
6.9339074532151335,79266.07355477187,12,Male,12.409224748321243,Married
18.58375889701095,96440.64687256666,5,Female,23.75500700458729,Single
26.301409334322653,162457.16802483643,12,Female,25.755606264381072,Single
18.124851133209816,71230.57391141084,12,Female,6.200542179040564,Married
95.7221910321388,136329.47288056125,13,Female,88.49707571541705,Divorced
11.650934941700157,69660.85495734331,12,Male,14.239055446204805,Married
18.390079287516805,177918.6031296,12,Female,24.37807988506755,Single
18.246077284271156,159939.02605275981,12,Male,24.916678999208663,Married
99.78594180904777,157350.5217188958,13,Female,84.34115982392218,Single
5.653871155142699,76456.77087466166,10,Female,22.200363974135865,Divorced
33.14077478817739,50341.23690043045,6,Male,35.75513223520229,Divorced
23.996852797446145,168836.33829339646,11,Female,23.94335163582614,Married
37.578108202550794,74957.00560182238,6,Female,25.852419645603405,Divorced
31.505510497689276,77158.06124481134,10,Male,29.663576453127813,Single
21.526589399718816,83062.3952450983,11,Male,24.70549306009143,Single
75.8158655842097,152729.65575576219,13,Female,76.93322026904758,Single
39.54337491285962,67994.2505544497,6,Male,34.5214870671216,Divorced
32.49617918357286,74791.0777906664,6,Male,32.532152715191934,Married
15.679966435598601,88649.58264587923,12,Female,21.91142965074247,Divorced
22.431980112976518,177698.59031948796,12,Female,33.64012000263597,Single
27.024461071154445,166321.50247946943,12,Female,22.7797916045514,Divorced
24.0907554320144,75576.3089044906,12,Male,21.02411924674134,Married
30.310513634646533,62261.59475081954,11,Female,31.50361057719927,Married
12.933433871800169,88590.28667938715,12,Male,22.661077210227408,Married
21.843282301691204,77261.94733725887,12,Male,19.728376045137473,Single
30.033389269709353,65956.30332228348,11,Male,24.13637259139356,Single
32.25088911661388,66245.86565151895,11,Female,23.89070694976685,Married
37.524577839927865,181314.20306161465,12,Female,33.517245600502044,Divorced
38.55868370433871,174862.36148191334,12,Female,31.19714757907147,Divorced
29.880386668230535,174544.22481088352,12,Female,27.358180693085167,Married
27.206176135405453,76217.69330850689,6,Female,20.356613449131572,Single
67.32147139048907,140800.82808085287,13,Female,78.88474352349836,Married
23.00874378704681,70159.09020890827,6,Male,33.40066296889,Divorced
23.7879342356896,157597.30769913373,12,Female,28.13107136116932,Divorced
30.438436387259483,102591.40159791755,12,Female,17.642322538457215,Single
78.2382532841698,136698.3230576988,13,Male,82.57836819276929,Married
37.60800716058967,58861.320246625924,5,Male,32.77266899329791,Divorced
37.29530494237783,75603.12863431577,7,Male,29.213288965817725,Divorced
7.963033660753259,75592.39473669394,12,Male,12.689156998889239,Divorced
3.4417090367795016,63027.54512299219,6,Male,17.103492319435748,Single
16.09829732984014,79387.55878834275,11,Male,19.512618297845368,Single
42.618572089311826,99195.34289790387,6,Female,25.846166988651564,Divorced
12.311677563405938,73724.41511680486,11,Female,22.666368126677167,Single
38.893701600363194,79643.5871769537,5,Female,29.128885405744953,Single
2.838198698873912,76768.33481374264,12,Female,18.65051858370807,Single
71.84332661068657,148748.61567353876,13,Female,79.01420059268028,Married
84.38792939080433,142261.34070489154,13,Female,87.45491955603299,Single
15.525759806156545,164918.07880763657,12,Male,29.718785000876625,Divorced
68.01517146146145,133530.7457821019,14,Female,77.04325323840035,Single
30.004393591313303,59484.80399465194,6,Male,31.624088117338495,Single
8.347205510419434,51634.9551512765,6,Male,6.53324320417105,Single
49.52464981282364,72093.45504017716,10,Female,35.50018769090171,Divorced
31.20289193085842,173208.74771690133,12,Female,38.22845965919727,Divorced
3.917181445293566,91088.05298544912,11,Male,10.534463435340111,Single
18.462531098279488,68795.55021582743,12,Male,12.885226678960407,Married
84.65395352938783,138655.82242086195,13,Male,89.83396086246489,Single
91.05750130950341,132810.38935859792,13,Female,80.74813051425659,Single
26.25413611469648,175247.2283823945,12,Female,31.48428572112003,Married
26.88289522237423,65033.531995429104,11,Male,36.026717166140784,Single
71.18718721623729,131710.04805633987,14,Male,83.66851800498529,Divorced
62.13275315079158,60772.14829868449,10,Male,38.121648820493675,Divorced
30.021452147146938,71045.59941083126,6,Female,27.50903339282197,Single
46.93059526475615,169996.53708154592,12,Male,36.64429215739602,Married
15.461721338896266,79639.8330053493,12,Female,20.17500015639026,Single
-0.044139651059399654,59212.17804752193,6,Male,16.631426932816964,Married
35.19815408089606,82466.75559482726,11,Female,25.18611361976483,Married
11.73793898491438,79214.53399961095,12,Male,14.460118505497697,Divorced
23.839974450208068,50051.85278764526,11,Female,22.39886928041046,Divorced
3.3981765739702503,86357.96487890034,11,Male,14.452402095775422,Divorced
23.50412752306206,77003.27595724113,10,Female,21.878151411444357,Married
9.413659678082926,60104.341853922946,11,Female,16.86643009152303,Single
33.980220542700536,74225.37213877306,6,Female,30.52462593371723,Divorced
51.24755200417731,168198.61314026828,12,Male,27.880140321880923,Married
24.369993491249893,82308.40477345414,12,Female,17.43401218872381,Divorced
11.359627135849694,78129.80651256669,11,Male,11.908900064675432,Divorced
36.53449621467179,166235.7973477209,12,Female,27.723070542903855,Divorced
39.175411296581835,173829.69310707005,11,Female,29.909795906016125,Divorced
25.866756016972086,75074.4532620224,12,Male,28.005208058181744,Divorced
21.814950764361352,64322.62561459515,10,Male,23.649625919504956,Single
3.4896880386409235,90308.26098171902,10,Female,6.954010896247571,Single
27.9672972562097,160927.97949030765,12,Female,28.599558148102727,Single
76.86687774026595,131106.2862580448,13,Male,87.32957247734213,Married
30.340150321452988,77015.72424861137,6,Female,30.103681391032833,Single
27.8298335069431,72119.49113155776,6,Male,28.40017793726594,Married
47.83192676385086,68597.5838895577,5,Male,36.1249369349005,Married
25.15043464920249,57695.28724571953,10,Female,25.70692307806078,Single
86.51625526292679,141365.28394453108,13,Female,83.95065831307656,Single
28.117377333066383,63076.074726549676,6,Female,31.657340219898163,Single
72.55696967011056,139002.82389754496,13,Male,82.00058714419413,Married
14.867457614276988,183466.54057641816,12,Male,24.734601632369227,Divorced
86.10642176685546,120894.35832497317,14,Male,80.27952949894589,Married
41.07382012252574,180210.33609687578,12,Male,35.98735030964021,Divorced
24.768606289413977,71577.45844136781,5,Female,22.950630026526404,Divorced
24.483014873885786,53773.52873011347,10,Male,35.03002563334179,Single
16.008831467762185,189906.97264664,12,Female,29.28713118188639,Divorced
10.00289586767815,73977.72305797087,10,Female,20.347059535198802,Single
13.425819558693753,89414.05776490794,5,Male,21.75667085600604,Married
8.983709815428229,70056.87498594448,10,Female,17.923103333641876,Divorced
32.65344465310279,173851.0755224401,12,Female,27.149548565241915,Married
24.188103417186152,86302.05670484429,5,Female,20.516692078998215,Single
-4.5275856742663265,78975.64515228558,11,Female,9.512136856676356,Single
13.78559983835224,52220.197832271384,10,Male,21.704196331032374,Married
70.92514944707153,138868.9645170876,13,Male,75.26227483752844,Divorced
6.385281816688698,70383.11846328396,11,Male,11.177119553638843,Married
32.70867800210335,88207.4231113178,6,Female,31.74991363179162,Married
9.325989014533207,79785.6149310417,11,Male,18.62453236052236,Divorced
11.5864652432507,90080.88547489647,12,Female,17.311888646548745,Married
81.25811746232195,121355.53861170654,13,Female,78.48636936326061,Married
26.434002263335852,73425.32506171332,10,Female,29.142738253526993,Single
33.37997435275446,167287.2409792843,12,Male,24.99831520778364,Single
9.897926434221132,66956.79210476103,11,Female,14.237359591856531,Single
34.36035518778731,87980.58942031901,12,Male,32.05229678099759,Single
94.34121149480063,135924.57599436303,13,Female,86.56954991085193,Married
51.580996623517166,176923.9964364947,13,Male,33.72075088278889,Single
22.414268409893968,169193.56529751825,12,Female,25.821321006159444,Single
20.955219713540423,62538.610858095475,10,Male,25.475219061064138,Single
12.933392923776992,80320.26112294203,6,Female,28.094875824146246,Married
49.37244828616524,61493.64440500345,11,Female,36.736918040116024,Single
86.80613398602385,143228.32651029594,14,Male,89.25552280034404,Divorced
34.80847978661381,80231.7835145364,6,Male,27.220918180599607,Single
35.27718388388568,78895.63431210646,6,Female,33.3577718475485,Divorced
74.9984761117209,122544.97945930803,14,Male,82.79505544015744,Divorced
27.889219070861397,57644.6954798754,7,Male,31.43135525861103,Divorced
28.527788307033287,82248.46082839939,5,Female,32.179780633028564,Married
27.466235901730492,178945.72272894508,12,Male,23.268390749329924,Married
42.03742993403177,76243.50977109074,6,Male,28.22431660715313,Married
30.12856122515135,55865.40467286283,11,Male,28.49510587579979,Married
24.63978923754322,59493.94657213375,11,Male,19.493265172863985,Divorced
36.55374931273005,162594.26793062885,12,Female,30.599637228849193,Married
14.379925729312825,51066.42684081162,6,Male,27.374654925571093,Married
32.39505372730185,57894.27199731779,10,Male,30.8805518594585,Single
32.19354816871565,179484.42585551698,11,Female,18.45482496445304,Single
80.48577361399325,134734.60468697624,13,Male,88.83791613051471,Divorced
56.97825027522677,75988.14641348073,6,Female,32.923697976848025,Married
35.111063881989075,155020.72944966875,12,Male,33.60485845009413,Divorced
24.79225067344607,73018.13730771594,5,Male,27.715964458159362,Married
34.41233839276166,56433.78132587652,10,Female,28.820056363025426,Divorced
25.227683612379874,64912.4918424145,10,Male,21.79611817745619,Married
14.578390234175828,79597.49638671125,12,Female,20.700701397130153,Divorced
81.4787694566224,152922.44978342432,13,Male,78.81623128801945,Married
32.039973939597225,48849.65190601155,11,Female,30.17805368999962,Single
20.959691703851433,173803.1994500505,12,Female,29.40225642312106,Divorced
34.250693629543626,173724.76674594317,13,Female,29.053923522136028,Single
48.47940625084602,177467.72250429238,12,Female,36.844405379799326,Married
37.06556211116418,68060.0335901508,5,Female,29.77724458580043,Single
88.51558515573771,133100.24644593228,14,Female,81.88385408643725,Single
35.99005919994494,172006.8344858765,12,Female,24.03984953423567,Divorced
19.170308806872914,75420.0105999791,6,Female,27.67891041175335,Divorced
84.95697596481442,139790.96544031947,13,Male,88.71869529312735,Divorced
34.18371785552102,79544.05981835685,6,Male,36.07604809400114,Married
14.145607844021015,50000.50218932146,11,Female,18.853099447138174,Married
23.56845170192089,60343.85153509832,11,Female,27.642835332085227,Single
36.8141807690854,183570.1158260063,13,Female,36.01276580240536,Divorced
64.436982099289,120512.04695596942,13,Male,82.95745469608045,Single
22.14708616509459,37711.40598043885,11,Female,24.023780297181304,Single
21.105658599347525,47594.735866611576,11,Female,26.985346819712532,Single
22.627456995886085,79181.54552145468,12,Male,18.58882921401148,Single
94.27527681010014,125010.06181023984,12,Male,98.165732675603,Divorced
14.386770153851431,86637.29429096682,6,Male,27.481998108823955,Divorced
34.28752947176035,63847.880557266704,6,Female,26.143094414896805,Single
40.29114212798488,72191.8773813699,6,Female,39.006352628154026,Married
19.28666408051225,60915.59813523255,12,Female,24.801892204135633,Married
86.31191571037242,132598.12796617192,13,Male,77.41230881078408,Divorced
44.47937599849858,57496.88296119901,10,Female,25.54245912611245,Married
97.42830613448284,130478.48991560686,13,Male,93.04916816200395,Married
18.855653305890996,76084.08237147157,6,Female,21.57273779566195,Married
79.92651501273292,153563.9486821216,13,Male,87.78277649358111,Divorced
1.138089671944213,83759.574937206,12,Female,12.963657700093513,Single
14.551278373525449,70668.74148385285,11,Female,21.93442067823078,Married
22.968576841291853,56231.72307448441,11,Male,29.97457017711561,Divorced
19.030008172278368,71560.62955863035,6,Female,25.34248158687995,Single
25.068982136667533,63140.0730897981,6,Female,30.07498534494374,Married
44.49337920521974,167084.25811393742,13,Male,19.58614888989905,Divorced
96.10315783224735,121288.77579206602,13,Female,94.82885694233111,Married
97.18835498672581,138720.81963640542,13,Male,83.49360592902946,Divorced
25.72596655355222,67797.95272673223,11,Male,27.35519330828756,Single
88.0427690877726,130305.82195899538,14,Female,89.38690398793366,Divorced
27.453465396116066,46420.76371922251,10,Male,30.452994866399763,Single
14.930687760528748,87361.83607042636,11,Male,11.514427193474248,Single
11.824037192089909,76513.82198043483,11,Male,18.84265619856967,Divorced
39.8208901503827,93477.68891738555,6,Male,30.9557841360276,Married
40.02095133731109,62743.95618169628,10,Male,30.07764529500568,Married
77.95467039175637,134728.7789498745,13,Female,85.46424921345492,Married
38.57554343236008,82282.04281624695,6,Male,28.61998907848187,Divorced
99.57281720796169,134670.3989569543,14,Female,91.1542248655785,Divorced
25.210053769924993,39853.63037687268,10,Male,27.619151979640563,Married
20.81637083798644,178444.54282944975,12,Male,21.668392540796326,Married
42.32195210967342,70409.9359229657,6,Female,32.76898719704458,Divorced
29.894475281749195,81730.00935715417,11,Male,18.56752171157253,Married
43.22868867188245,80125.31574606895,6,Female,40.37565045762331,Divorced
30.052289792050505,79822.63186692112,6,Male,27.62545026464126,Married
22.717334520083988,182792.5355188816,12,Male,36.403518674911275,Divorced
25.03881961074466,165470.72760358325,13,Female,25.162756851060216,Married
23.280338062770326,65601.79761732592,6,Female,26.037356086784353,Married
35.15410427072605,173577.19741600833,12,Male,28.063242216007904,Married
72.51284571708972,143369.9680634681,14,Female,77.10358480671911,Single
10.455973599899972,76646.27479502806,12,Male,19.036763502546858,Married
5.821081691504997,65613.43056918986,12,Female,14.754841918217103,Divorced
32.170072699056,185427.23832107228,11,Female,28.05886715280594,Single
22.259694187290435,62531.9702521564,10,Male,23.05271331504581,Divorced
31.80572312699325,64199.24350440297,11,Female,28.536078262059142,Married
31.39540104617999,89493.23734482798,6,Female,36.27750328756407,Married
85.36562767060546,124733.50745019094,13,Female,80.29598474047424,Divorced
33.378434290267805,62146.037312923756,10,Male,26.0704782176898,Married
28.37356307600216,170295.03254486088,13,Female,25.992126973194036,Single
24.013790410491737,75438.94619258188,12,Male,21.162886807868436,Married
38.18442733219451,80483.68556102974,5,Female,38.083011731803175,Married
17.256236847257174,66307.02692096787,10,Male,27.770342795426732,Divorced
20.892174010746096,72321.631665177,7,Female,28.701088498357446,Divorced
28.820641677560822,183360.19752314885,12,Male,31.872069257684412,Married
93.03542464089234,138704.6259717029,13,Female,83.89993842373428,Single
15.590591733573758,70505.72350109859,11,Male,14.155138745145138,Divorced
9.834617024835843,79219.04655045524,11,Female,16.923159550459555,Single
34.022549398499855,173895.53899467233,12,Male,31.345864378959234,Divorced
84.70129115502455,151329.0553224376,12,Male,87.38476161270933,Single
88.45276350263447,120098.75363020017,14,Male,84.73200179826239,Single
95.08676115701982,153090.94807197628,14,Female,87.25801118094458,Single
37.04782953672762,49006.11424059696,11,Female,31.888538414765968,Divorced
34.59440220519933,70586.48513070411,11,Male,19.258949305618387,Divorced
27.319421685206024,75538.31113266331,10,Female,24.5235792933324,Divorced
15.868445322984272,59545.610865662864,11,Male,21.882529761629165,Married
25.751601341863683,56402.45739679363,11,Female,23.430787331056553,Divorced
32.8870540816941,75483.8082407249,6,Female,24.106204980211928,Divorced
24.19750085118011,63052.21149294927,11,Female,21.711149513628964,Single
3.9578606102770095,89784.94850390745,12,Male,20.095199961937993,Divorced
21.63020471974249,159098.45330499063,12,Male,22.139301528880118,Single
91.71743425485236,150538.76804395506,13,Male,79.6734748656666,Single
29.40379560626262,50181.09947116583,11,Male,30.18039578294428,Married
28.550337302300246,175489.2886417181,12,Male,32.78472939476402,Single
31.61637500313888,75836.82352586053,5,Male,28.195396700874333,Divorced
22.464347823346582,65952.11630423172,6,Female,27.615398265107352,Married
37.62857870949283,53094.547510815566,9,Female,30.348488956091373,Single
63.17830945508271,128004.85596151795,14,Male,80.60220332648325,Married
-0.16682762413015872,83298.50343647935,12,Male,8.970141743321037,Single
30.16626156104058,65405.83311065487,6,Female,26.46036563582047,Divorced
36.34892009311714,177748.77766800407,12,Female,28.07978703088803,Married
44.936711818040685,75142.24813265057,6,Female,31.123646414813027,Divorced
19.82833266913173,65996.92781750367,6,Female,19.95539920459685,Divorced
65.18110426075566,132850.27920411745,14,Male,69.73937084588948,Divorced
45.014818438175915,61985.5555832018,11,Female,35.30184004371671,Married
27.115380136143898,59572.006856216176,10,Female,25.900592909372147,Divorced
69.55971217604304,135508.1277741336,13,Male,84.55645179478834,Divorced
17.72623734918005,164638.4139673273,12,Male,23.944491782610704,Single
109.28432307667015,143238.41806209466,14,Female,98.50823086466394,Married
0.7449746684272256,89243.5585485514,12,Male,6.863245248307017,Married
34.266865836449824,80338.87087029307,11,Female,24.30262662010625,Single
26.68505749068275,57390.139866795274,11,Male,34.31617134903512,Divorced
89.13641104733406,139093.6312982127,13,Male,87.59995454372992,Married
25.97053472814757,44759.627621887295,11,Male,18.776898137837716,Married
16.154791938739063,59959.10259702422,11,Male,26.640198669031157,Divorced
48.40278548596745,176772.19450813267,12,Male,36.118286909996996,Married
36.880545337038626,174709.79322020084,12,Male,36.18786645002495,Single
26.17987338678924,60312.253868104395,5,Female,26.74851792663228,Married
14.89574841953656,83989.172520416,7,Female,26.742466204473022,Married
30.01888135410114,78088.27984999103,12,Female,13.146029085464129,Married
38.943989636485924,167872.4801138923,12,Male,25.40786963225574,Divorced
95.95831152316157,146111.0269330571,13,Male,90.39707767165048,Divorced
41.62737151864071,90593.26642039113,6,Male,33.97470094297582,Married
36.25914915010211,68524.67623945372,10,Male,27.3920967585693,Married
88.52409547713886,139689.83500576532,14,Female,85.7102392367978,Divorced
19.04759436185529,82288.75628372998,11,Male,11.631362033094373,Divorced
80.73363209209803,136518.93241149385,14,Female,78.07015252032187,Divorced
25.76016171550093,38188.18479178425,11,Male,28.49278950369161,Single
16.619083208273167,64723.36785587596,6,Male,30.96060852949251,Divorced
22.75921107624064,65474.90796003849,12,Female,19.10652190835954,Married
78.20398750185316,157981.4335078116,13,Male,75.61585372404863,Divorced
109.51214707703508,128213.57206583637,14,Male,100.0,Divorced
22.679403080518455,69868.37308577518,5,Female,20.79445758284015,Single
75.17722285941228,143361.01646153093,13,Male,81.2362924922738,Single
49.88835926103049,167371.49987377235,12,Female,39.37791689685469,Divorced
28.096023771994226,63710.547152395506,10,Male,33.43795469711418,Single
39.9315802390456,103856.4396890235,6,Female,33.36636821082121,Single
22.05517273210765,85696.13955102848,13,Female,23.27409001597467,Single
26.87088633099896,82050.19656283663,6,Female,27.290254864169643,Divorced
24.271248600051482,176151.45265740473,12,Female,21.49216807903415,Single
108.3615635656552,136474.66663409333,14,Female,86.02751011252619,Single
20.86951187713013,70784.14911133464,11,Female,23.261844019329885,Divorced
76.45015444026185,136688.46935532743,13,Male,69.81177155122748,Married
41.098109054143,64346.953981751954,11,Male,27.836155037622657,Married
46.64243738655068,75344.28881046528,10,Female,41.21002748666146,Married
69.93522177262622,153374.6846239312,13,Male,76.01075765057277,Divorced
40.12998355398882,53626.5586017655,10,Female,32.185256260249346,Divorced
22.9075828216288,76475.36440447666,11,Female,31.069630330698466,Divorced
85.07791914077188,142768.36245651124,13,Male,74.3594023966483,Divorced
26.59690161108781,61272.538119498044,11,Female,16.59027463874995,Married
3.8362899756739264,174029.42276558353,12,Female,17.53468383379343,Single
33.668787110383214,167357.68085593195,13,Male,25.57276994549262,Married
36.93185226148867,73322.58369472972,6,Female,26.61206974706333,Married
9.789562174498439,179728.9667278765,12,Male,20.99010714324775,Single
23.986549313797532,70110.79014335731,6,Male,38.14642683651631,Divorced
25.58848446767933,155344.1019999231,13,Female,24.992629325062808,Divorced
60.7006625754064,140740.0643695791,13,Male,78.67450013401796,Married
-4.780495361301465,90651.33792306363,12,Male,13.076264060036046,Married
44.81214247914609,67810.91838547931,11,Female,34.273863309258914,Single
77.46445922779922,124807.10413794631,14,Female,84.11213568671548,Divorced
21.98276938113788,74263.36099646678,6,Male,29.353768196833332,Single
43.02175047294912,91446.11612512928,6,Male,33.65335093587683,Divorced
30.739930649579996,45804.596233489865,10,Female,26.37174262033488,Divorced
90.44286590285616,124364.85490269483,14,Male,86.40476560482116,Single
32.162478947257924,68804.27922739259,6,Female,25.25643980920052,Divorced
20.660868674750553,158884.83246185264,11,Female,25.90886523532588,Divorced
7.733484246585498,63633.303441294905,11,Male,18.860413575102285,Married
26.17152756648163,72453.21267508279,11,Male,31.517469851664217,Divorced
11.737372513106934,77320.49805096784,6,Male,22.109941792846485,Single
29.494868393848222,185005.78722693995,13,Female,25.991374018949582,Single
89.07246410804716,143584.13995044713,15,Male,96.7114592154106,Married
16.186959425705457,65018.26595978929,11,Male,15.297518078614893,Divorced
79.35141643853134,139976.75139619366,14,Male,77.2807454791924,Single
25.646306705128865,182066.22608212405,12,Male,21.209715994039467,Married
27.477637129509347,67689.68735969692,11,Male,11.900740854310502,Divorced
32.12452808770595,67418.84058533334,6,Female,20.06173976702395,Married
49.53626774796637,62007.43694541404,10,Female,31.765033754442324,Single
27.073862203087423,74298.13695025974,12,Male,15.88551271705106,Single
79.37956784372929,121042.75622880273,13,Female,83.03813524429461,Divorced
24.973686291339888,189462.0285362891,12,Male,30.335651719032754,Married
33.410306764979154,76873.69841883218,6,Male,37.97211486010821,Single
16.7143380287712,180030.23681367037,12,Female,24.45866797835221,Divorced
22.727958556336226,71399.81840680006,11,Female,13.135575565800032,Single
90.09994230015822,143206.7364405295,12,Female,80.7272414686437,Divorced
18.998145871992875,60904.356488806356,11,Male,21.168190900449083,Divorced
79.02834601174135,141034.0221873601,13,Female,80.45088111663327,Divorced
40.49074887780124,74160.96399131228,12,Male,26.649701202971297,Single
69.52690422045904,133036.61610790077,14,Female,89.30915563143816,Single
38.08735688749687,168798.11163721868,13,Male,26.025128983484315,Married
21.41333829457232,87903.82502234643,11,Female,18.237499629506367,Divorced
88.67827707218058,141860.1367450591,14,Female,90.35810340087548,Divorced
21.082154845122496,141264.81236450435,12,Female,25.37091184076856,Single
19.674088491689297,48164.34943511618,10,Male,25.95019033796791,Divorced
29.4487545169753,36243.67761993146,11,Male,38.10117935811134,Single
25.84000100638428,91059.89031160515,6,Male,27.585199054059466,Married
82.88937448138881,130628.02097101607,13,Male,84.82072656636151,Single
31.647404308542583,71420.36654866446,11,Male,28.52009763609662,Divorced
109.78711075432184,138487.58919284813,13,Male,99.52740545333575,Married
17.18907472503613,149640.13830670223,12,Female,16.41747639332701,Divorced
26.376105589291463,187290.03828885822,12,Female,35.639813516877865,Married
82.92628559354408,144689.0865252868,14,Female,86.85811395932001,Divorced
86.09811318888109,145701.271635579,13,Female,79.46330685332333,Married
7.324426439655495,79241.53452532107,11,Female,17.592238276934104,Married
20.38985575826633,71044.33376749976,6,Female,26.18738968461018,Divorced
102.17799475525486,139059.03579897457,13,Female,84.6252589441371,Married
23.370297801752905,88075.12177845699,6,Female,26.20779745071345,Divorced
80.11160568145384,142982.43811099618,13,Male,78.08031196940209,Divorced
18.6575538807907,180198.7078998173,12,Male,35.13147540500067,Single
19.26188120082785,165672.78341568305,12,Male,27.99196655076292,Married
5.671793872784409,29999.999999999985,10,Male,19.594628728147505,Divorced
86.25793115709344,140189.78926944715,13,Female,87.90579381846052,Married
27.416234141596515,167400.56675898135,12,Female,26.87657753981691,Divorced
25.647179610161466,72567.29558266906,6,Female,26.98226110990574,Married
33.165887761588905,82766.18285965212,11,Male,23.676416289284617,Single
48.91757775968019,174559.45677082555,13,Female,27.09361071886523,Married
30.05463401178939,53413.436338641,11,Male,25.677371930414047,Single
27.032606955111245,171451.87092567905,11,Female,27.230354764694923,Married
40.37032046294474,160921.69970688468,12,Male,27.347122418364243,Single
34.38232308422273,79582.4874434527,6,Male,30.02469667972732,Single
36.81736219216406,74305.9148271614,10,Female,24.271585076354818,Divorced
25.27639972775915,65083.66570637362,10,Male,21.221929457732827,Married
14.800608861674318,77659.89458039112,11,Male,8.413989058466925,Single
18.39474715304617,78097.32429012601,12,Male,22.773495980356955,Divorced
69.383700171559,131566.23741698143,12,Male,81.67715935268967,Divorced
7.553584997129886,76820.13838836802,12,Female,13.87457338275432,Married
24.084702646416485,69275.33914336946,11,Female,16.346392923007556,Divorced
23.27902360749456,75248.32368278503,6,Female,26.740838758593164,Divorced
26.51796294986135,174447.24600404914,11,Male,18.99436817118208,Single
22.57142234050749,65827.23111871385,6,Male,30.0385296589305,Married
10.32523523071745,68375.01751702903,12,Male,17.33421938198439,Married
71.06263884826879,156056.6523517592,13,Male,81.59168201853646,Married
71.78438952070759,132955.08669699932,13,Male,84.31961843515872,Married
39.575991836754845,58749.32284317617,11,Female,31.497040437629046,Divorced
22.658907252214277,74174.7153582013,12,Male,22.36372273807615,Divorced
38.477416865497275,165504.79599573114,12,Male,31.165181063225774,Married
34.89681558930159,90393.76827954252,6,Female,35.06460980198781,Married
77.2048653329884,154762.2391932038,13,Male,82.29619691235368,Divorced
20.727034143688975,83376.66855236285,12,Female,20.30124595964852,Married
10.329499721351066,81015.22861431331,11,Female,18.604517352839263,Married
13.052275489330333,78519.62512513618,11,Female,18.146548490381917,Single
43.0354249789099,79812.74940983512,6,Male,29.006495323751665,Single
38.65561080611796,167584.674309146,12,Male,29.728163475976228,Married
19.5958318168592,176726.67211860023,11,Female,20.041927510084278,Married
18.607791844743186,155958.2337331822,11,Male,20.68388704958368,Single
14.683089619938446,80370.21850989904,12,Female,21.878247171159956,Single
23.297166255017892,77018.93671609757,12,Male,18.935646358463664,Married
16.166458191490314,88175.29395992156,12,Male,14.191914262049508,Single
25.238960035159472,71242.03363409838,11,Female,28.818873706051154,Divorced
18.761674289564287,47718.0226456667,10,Female,19.50334478398448,Divorced
14.941305728445714,77504.00955599081,5,Male,26.059336197960597,Married
81.76284504538003,144391.51267901313,13,Male,83.89931033764606,Married
29.834753837723927,80698.2425927093,6,Male,29.14294155957293,Married
68.89287560196851,130548.50635346267,13,Male,81.67888612229834,Divorced
35.394554019401774,55394.505996069725,11,Female,22.944289741601988,Single
46.21894057972024,60533.97682865118,11,Female,27.966971821521845,Married
79.24512241714517,138948.62131755595,13,Female,81.67796820661124,Divorced
95.88274939229413,124944.61621179226,14,Male,88.97929931975715,Married
32.442005010231725,91239.25560081123,6,Female,32.143869031564435,Married
97.32789499465315,155611.66258064518,13,Female,93.88357810769156,Divorced
14.323609182144205,72882.63300637068,12,Male,16.39597322581686,Divorced
18.731748293042475,82905.45122614186,6,Female,25.264495846673142,Married
28.946547731468748,82750.77077322823,11,Female,20.324415030802285,Married
35.10758569725366,82549.1918976951,6,Female,28.655594178765533,Married
65.24361388165535,149602.47586422382,13,Female,72.84892702701528,Single
97.44917341134806,142341.6050105025,13,Female,96.37796240162442,Married
27.36341994442997,83628.2988596284,12,Female,17.82448186206377,Single
15.826351926489973,168450.9828836353,12,Male,25.90204918396039,Divorced
30.899255938027753,70331.3270014929,6,Male,26.735292962293173,Single
20.345475118798866,62125.35719622072,12,Male,18.84593443997982,Single
31.033911557037197,146558.18926589596,12,Female,38.27277546421202,Divorced
76.58975457356361,129851.25840563708,13,Female,80.71781395529678,Divorced
9.575620649578857,93182.7667344936,12,Male,5.379912525367789,Divorced
5.538755587426211,61589.677632943145,11,Male,14.754221019695706,Single
28.300921030216934,169511.03749389198,12,Female,25.438110098378317,Divorced
33.2660220049009,53624.078511345855,11,Male,28.150243166700484,Divorced
32.24120457093867,80884.01686547452,11,Female,32.43880585472661,Divorced
80.53446495190292,133101.15006734108,14,Female,74.76613433878053,Single
30.960205853911,53014.087816634536,10,Male,31.188844147145478,Married
76.53280055736637,142545.3685721714,14,Female,77.40781051850396,Married
23.591242972755275,71067.82200208455,12,Male,21.944729249751752,Single
11.358071957129134,78873.03155648283,11,Male,17.191037141126138,Divorced
27.469800715383894,77305.34276472632,6,Female,34.766558989197264,Single
81.76837710408839,139052.56503809677,14,Female,88.28334414648415,Single
62.09621958978283,139746.73460709423,14,Male,75.42611328947952,Single
31.355418136665214,64971.025695160424,10,Male,20.784180095263448,Divorced
20.935075918549803,71376.90466485437,6,Female,20.288261956064314,Single
15.854449888120708,65656.7455919949,11,Female,16.207448618508447,Married
41.58358942453316,59417.381457230935,12,Female,21.43160727464592,Single
8.447629674609551,87907.25315126775,7,Female,16.73939091141696,Married
29.145608296383557,187113.87109993,12,Female,34.9924048840388,Married
77.42626136033132,135454.05362751186,13,Male,80.12554282829869,Married
81.6478487005431,114334.84288748368,12,Male,89.31665815113848,Married
23.270125821555197,172780.31965521164,12,Female,18.33585591590932,Single
19.8191166762262,82018.27891604407,12,Male,16.453264560771178,Single
30.99121281139711,182091.17799678052,12,Female,37.13252301219935,Married
68.96002617818404,128599.37612708162,13,Male,80.31417035006976,Single
35.674052824170296,176754.99548199368,12,Male,26.650053566717414,Married
31.99178399120253,181323.64279466818,13,Male,25.612970974567734,Married
26.816617465159556,90639.33691504707,12,Female,27.92663584721552,Married
15.588950877337062,54708.38166948293,11,Female,12.20826093398015,Single
89.22158665011568,140751.73834360548,14,Male,84.78848004477776,Single
6.327170867374671,76873.57978295947,11,Female,2.1800305088599927,Married
40.186063022425756,60709.27455990693,6,Female,37.962966501363134,Single
57.08120531724189,138199.3604849846,13,Female,75.09103535808725,Divorced
109.92545134571358,131716.3899274492,13,Female,92.51359852205647,Single
33.83200630805019,96340.68594406181,5,Female,34.42390187515843,Married
20.716572335080063,79971.71811718788,12,Female,24.429038107523414,Single
16.966770012162723,84598.74091155452,6,Male,20.128636101441618,Married
23.004004986029354,70330.27400527179,6,Female,27.114124190592275,Divorced
33.3613188629424,89430.36305406081,11,Female,26.30939873994844,Single
25.380925086779495,70927.53427435902,5,Male,31.0490699801271,Single
21.996550654787022,70515.67006541295,12,Female,18.987439009381454,Single
32.18517110220952,175882.93366943736,12,Male,26.27638743267126,Divorced
22.187921330188523,176618.56394911444,12,Female,32.272458009375505,Single
31.952413750189727,93415.98248563842,12,Female,16.639824500413265,Divorced
-6.739684656822469,64792.62421262986,11,Male,16.91446897775714,Married
24.353151345158068,180311.26378437434,12,Male,27.330890202875167,Married
32.448698838090266,63292.58056695893,10,Female,33.1410393919093,Married
29.11229314683051,55436.02682943402,11,Female,26.300108924953005,Divorced
16.67457664343349,64209.46171887987,5,Male,18.511188709453883,Single
82.68797689538079,143714.0237141413,13,Female,83.65953396332372,Divorced
23.882934740275996,36873.50595769932,11,Female,25.17454348693546,Divorced
23.943329953113928,76270.51385480576,11,Female,20.690289439116675,Married
20.173422216763196,64219.65254854465,7,Female,25.19363307739755,Single
21.191877121902834,77699.34879911938,6,Male,19.328771697994554,Divorced
17.032384767556753,178077.87143963313,12,Male,11.347104292739868,Divorced
85.93654280547811,139959.48245118643,14,Male,84.90736789250026,Married
40.1056090345804,74966.29758991327,6,Female,32.62648383148152,Single
35.74365403539004,57664.090267068736,10,Male,32.28619192465953,Married
64.5366406628595,139786.6607203609,14,Female,74.23086597383778,Single
20.221469076508935,179599.58107054787,12,Male,22.537456850376024,Married
6.156465604725668,88104.84892418227,12,Female,13.187928119036183,Single
98.78324572653725,150273.05951447552,13,Male,90.22584836769491,Divorced
6.062447896629719,84314.34609489568,6,Male,21.418561532561228,Divorced
29.215901838268408,80431.84214108485,6,Male,21.88851471751211,Married
8.27502728092043,62893.11848619228,10,Female,25.475941479764593,Divorced
41.62268193927941,170430.11317796944,12,Female,25.4441923267281,Divorced
42.83160355133126,174835.45249623066,12,Female,29.872178421460927,Single
41.638627350374435,104286.75287275473,5,Male,36.6071162295514,Single
28.635559792922997,162071.62677012975,12,Male,28.138360285668142,Single
30.14980171178876,63571.12722320376,11,Female,24.808028498861987,Divorced
33.49082406124353,179229.752848405,13,Male,25.139920065284933,Divorced
76.29854632763872,147598.13455827694,13,Male,79.43893931923809,Single
7.202216482426984,66807.50668091804,12,Female,6.394758350696115,Divorced
26.830398319784294,67398.36787711449,11,Male,29.817217064592967,Married
31.43921740415367,69797.00645573005,10,Male,23.596460079648338,Married
10.312616425819952,81454.20544979759,6,Female,20.94278381243248,Single
7.329878143331894,79358.76482951746,12,Female,9.9832654224195,Married
25.99554211814293,57086.798929897705,10,Female,28.941721250773092,Married
85.32730229002814,133851.73644273408,13,Male,82.52461053039647,Single
22.184696220865234,69024.06218317644,6,Female,27.40850323769596,Married
25.028520070977223,46844.86925047162,10,Female,36.18073449682259,Divorced
17.505895861640894,82641.57727494754,5,Female,21.951555168204216,Single
4.1297468287713635,67130.45124700024,12,Female,13.998660544210967,Divorced
23.815865472646465,89184.04992598208,11,Female,23.074146114781584,Married
26.73644143899598,82800.34388468215,6,Female,28.981555830577282,Single
26.822251708866368,46409.9493176235,10,Female,30.08406403923498,Divorced
29.450472314888483,67463.63058914499,5,Female,28.053799448608824,Married
24.797967409551415,64482.78839722379,10,Male,25.73421035819974,Married
-9.39450478871603,91548.60468294556,12,Female,20.953256889831003,Divorced
88.4915953232119,126814.68489420533,13,Female,91.78630006345944,Single
34.8953123528526,176208.8352568697,11,Male,36.169782056537414,Divorced
97.98458974467447,130321.4449288657,13,Female,94.03534458182682,Divorced
90.14137813676277,146026.87078511997,14,Male,84.7307485613551,Married
95.17382940458246,143955.38004564817,13,Female,86.87667093611982,Divorced
80.91810378881607,133019.79286797292,12,Male,90.94032368038896,Single
16.868957684443284,82945.31779544122,13,Female,16.166605339729298,Married
-0.8299179629556548,84010.51473330082,12,Male,15.303509451290328,Single
26.159308288057648,59825.483786797486,10,Female,26.050808013369902,Single
29.41318368902465,70584.82073561415,10,Male,30.022803461863596,Divorced
-6.439370366489717,77344.32247537983,11,Female,3.4696371658197513,Married
24.81793768727323,85538.96355353076,6,Female,29.100827701080547,Divorced
35.63783506522696,75995.49693436595,6,Female,37.20158116444468,Single
78.20724907242986,132138.16437824856,13,Female,85.75186535227257,Married
34.33539287238527,179685.92362343246,12,Female,39.781884544748834,Divorced
89.19443228210062,129844.39261061493,13,Female,87.90201183299334,Divorced
31.719492849633497,78845.93021026082,12,Female,20.375803877150396,Single
33.91187146715123,169786.1265187732,12,Male,23.341130495295307,Married
43.07626907083638,62780.77465992363,10,Female,29.62947953931761,Single
10.74384922940775,50188.495576422414,10,Male,26.66670473588828,Married
-1.893621569540974,101896.65505651274,11,Male,6.631575424448119,Divorced
15.808548421489089,72821.27399138613,11,Female,13.226969642300087,Married
72.89369507895817,147661.8873111057,13,Female,72.70150872967595,Married
87.6714607749634,128557.45210459337,13,Male,79.93226686852663,Married
31.76440217043193,86147.21394254998,5,Male,41.398406045829184,Single
19.69578400268043,72928.04785891429,11,Female,18.37799778782766,Single
15.446942812172706,163305.82853883004,12,Male,25.38158236679704,Divorced
23.26939239243861,61518.27569120514,11,Male,15.955610555944443,Married
83.44680937007925,118752.66251742191,13,Male,83.31240765877888,Single
17.79667190370385,70303.9571419252,11,Male,18.480192606056356,Single
38.44813406337282,162689.1687904722,13,Male,34.21076149579638,Divorced
29.018630135035163,31164.752903516724,10,Female,25.121272995836307,Single
25.245405492805517,75602.32856602427,6,Male,22.755786563214315,Single
32.185835914897595,59081.08370167155,10,Female,29.9854691294322,Single
66.3734789131457,128872.90664741892,14,Female,79.20546808003641,Single
22.298436303891037,79244.76474989072,11,Male,15.684277062041406,Divorced
25.393854286832077,66006.28998307335,6,Female,23.426040257989406,Married
19.242520058833176,83716.54993078293,11,Female,21.78046148772993,Single
81.78916547727856,124311.77712591813,13,Male,86.02049471442359,Married
65.61503387513136,130391.86637001694,13,Female,83.38598809460161,Divorced
18.16682783896519,68854.17610516582,12,Male,24.020575241615532,Married
37.05112028340661,64418.64853955772,11,Male,28.282633989061594,Divorced
4.13301319960458,68260.0875473143,11,Female,14.078254025469047,Single
20.468915028121025,86335.48346821347,6,Female,33.839235864517875,Married
58.25210686058788,144356.06364175043,14,Male,82.71061100335143,Single
78.04492523342648,131757.07405409275,13,Female,78.60533427134189,Single
35.72446143621211,66472.70950560407,10,Male,27.13400261578588,Divorced
48.80534279196672,56411.270734178965,11,Male,29.623611033415102,Married
85.59793499918484,146260.16298167236,13,Male,88.42372883756646,Married
32.880604195476835,83249.29610706403,10,Female,26.214468140430505,Single
91.21586833750527,131445.94970143426,14,Female,85.91475504150029,Married
37.24029617080836,61666.655430675135,10,Male,28.374760528607325,Married
72.96533435876545,129713.95136030295,14,Male,86.15954366839495,Single
12.726311792382923,72137.5160732962,12,Male,16.262931779124287,Single
36.52986689937354,176387.46526139442,11,Male,22.771811554135702,Single
3.357808489917715,60246.408595454515,12,Female,1.9262045090063147,Divorced
85.58783234600934,133601.43469996168,14,Female,83.20728868328463,Divorced
14.774162302711904,90414.56163300574,12,Male,15.087059743560975,Single
31.032158406488495,158575.0294285368,12,Male,18.676560190374595,Divorced
-0.49186625474374956,71164.55552079782,11,Male,5.334101773888296,Married
30.90119054297189,155235.2977411094,12,Female,26.338405823089552,Single
82.74712943895074,134789.64701665586,14,Female,78.67083059656287,Married
11.837292642457037,75766.91458899673,11,Female,0.0,Single
79.38345547037254,158345.16651146548,14,Female,81.9928433152376,Married
20.75411914582621,73404.3240049176,6,Male,26.098386946944437,Single
31.99804334835291,58361.533657726584,10,Male,32.39225950243557,Married
40.00421067059734,87136.9166722649,7,Male,24.222462196681803,Single
77.26622747398523,139516.83964942564,12,Female,82.16035647149042,Divorced
20.62565909100865,55403.842968351004,10,Female,28.715732075166542,Married
24.980457565790143,89860.96156851636,12,Male,22.312660255019438,Single
28.993576809028525,57396.07327477117,10,Female,32.66166319828224,Single
13.736439735878415,93175.28598247236,11,Female,12.037509559365894,Divorced
40.227818299466236,172112.6432634546,12,Female,34.45216776361059,Married
28.951783552732255,48082.00159101546,10,Male,23.689326772182554,Single
69.06412064933451,144469.40117704633,13,Female,82.02215604410098,Single
88.40073928327857,146543.9399179026,13,Male,83.00211272660435,Divorced
21.91629686609962,70860.71880985117,11,Female,22.224748940555664,Divorced
78.65913968056407,137939.03103491705,12,Male,84.8905882789579,Single
21.935594006550982,182570.09004060837,12,Female,24.637667081479265,Divorced
8.134705774307621,55611.15487805706,11,Female,18.62737252850986,Married
32.70475446378324,161120.884522776,12,Male,26.800616614282625,Single
17.26661373674185,174233.31871513615,11,Female,18.66659156760563,Single
9.679981268188218,163721.76560864865,11,Male,17.24547465658805,Married
11.098015549606114,59379.26579532973,10,Male,25.467239975076115,Divorced
10.040536118409431,62893.564985905425,10,Male,17.398896828135697,Single
22.706788251686405,151426.48739934296,12,Female,35.484751315138304,Divorced
87.10761562482996,142395.73044185858,14,Male,80.14899523316359,Divorced
34.960510812211325,57392.938840090355,10,Male,25.681761428680066,Single
15.49066357247568,58765.81690015155,11,Male,16.315763159318255,Divorced
37.55352180201652,56689.63670990878,10,Male,34.85675038873017,Single
93.87618846049068,124614.87332389293,13,Female,90.00468250334038,Married
80.8760592906434,145149.41418375217,14,Female,75.05570952207293,Single
37.25785270254786,174848.5957702641,11,Female,31.9247675519783,Single
65.3614382187939,139242.99526699437,13,Female,79.12507572130187,Married
30.06895551372571,68392.57179354559,5,Male,29.27294084267284,Single
27.438378364281828,53994.91190960616,10,Female,22.670968109787722,Single
30.056798773000807,176403.39211971947,12,Male,23.616235467771382,Single
5.7727735635264334,67930.27937978349,10,Male,20.000555285226074,Divorced
68.58590311938272,137772.12634736285,14,Female,65.0403209722318,Single
93.59409315523918,127784.5889810183,13,Female,84.88342737441718,Single
35.73687395851032,96367.71529941616,12,Female,26.388849877852458,Single
2.4334371002720445,78703.12736933635,12,Female,11.817921908573975,Divorced
26.25636199074024,84157.47098944936,11,Male,15.40738642634534,Divorced
24.529713236217923,90789.12045931758,12,Male,22.83215959826011,Divorced
22.679982589833237,36229.10248328502,10,Male,30.499103559455055,Married
13.561353192711483,70786.90036674186,11,Female,11.050337921057864,Single
11.660366878864114,175805.88743510348,12,Female,16.30874158684114,Single
23.711886254813255,178212.63075819873,12,Female,21.61010687106063,Married
2.8713239128168055,58007.18509958516,12,Female,17.339748809978992,Divorced
14.728882438139411,73789.03826907506,6,Male,37.32296725442668,Divorced
35.314910518048094,174164.53774251626,12,Female,31.32158196762463,Divorced
12.525120051577781,50149.50663614206,11,Male,20.94807077572719,Married
24.074118713204385,88814.57710187692,5,Female,29.677939293957117,Married
65.99556970855757,133851.5485857304,13,Male,88.78659652842722,Single
28.66523494743226,170305.63870655626,12,Male,25.12660394256916,Single
18.085149066910454,96223.62918865228,12,Male,13.20551335117797,Divorced
23.150391862157157,58499.43390640251,10,Male,24.010497077149466,Divorced
30.59006832172727,177213.36018000985,11,Male,26.572726404712938,Divorced
99.48283562620091,150344.01887139722,13,Female,90.80876641699541,Single
42.72551793168485,88943.60353411277,6,Female,24.455747653464385,Married
29.19631739521701,188089.01225354432,12,Male,30.42476889476169,Divorced
31.440665689070666,66908.61683421547,5,Male,31.237568439294737,Married
86.49405040648584,139175.3916824319,13,Male,87.30539135475065,Divorced
26.569261554274625,81927.08126153305,12,Female,19.68209882434897,Divorced
21.051555144076747,85742.4988848693,6,Male,22.852942063983406,Divorced
20.303403389739742,176820.43797044977,12,Female,27.1624912063757,Single
11.164875869547195,53959.320401716584,10,Female,20.02150200350698,Divorced
24.476685774403705,170008.74650166294,12,Female,29.159694566491247,Single
92.14558221867608,132299.94048074307,12,Female,89.71398568168118,Married
11.552149713302095,180689.6867679213,12,Female,21.407641394115103,Single
33.51505590155747,63529.79661980171,10,Male,20.762420530267637,Divorced
85.1265997732532,123616.41524912215,14,Female,89.20319098783878,Single
5.133093847844782,68501.09043467965,11,Male,13.739125984123724,Divorced
101.27246757242638,147186.62345596045,13,Female,94.43168687050888,Married
19.975171825148827,169393.11109035384,12,Male,26.660081084655857,Married
72.81772979666621,142796.51458276814,13,Male,76.8675146120666,Single
33.965695111641296,40776.01384297776,11,Male,27.819160369357938,Married
12.26991080566593,88469.56885443052,11,Male,15.106344154544335,Single
20.705729165976855,79942.35933034912,6,Male,27.544736718079083,Single
22.927840030599704,174385.30821521583,12,Female,29.968082920779327,Married
24.476017010536495,52245.932011710975,10,Male,32.32498408158043,Married
28.082001392327452,50790.15599143384,11,Female,21.145998971069414,Single
31.744535191952494,163854.50762763302,12,Male,31.670043949174932,Married
13.390790507743818,84581.43450864273,12,Female,11.231370911141767,Married
15.604198996250513,68112.28605476499,6,Female,27.562495634083575,Divorced
28.128738261288387,86352.11824332923,11,Male,20.052502664350826,Married
91.65985336567391,141323.19424022932,14,Female,89.69702668282027,Married
24.809637626805767,70221.96509524794,5,Female,20.638996540644285,Single
22.46059715610574,87461.14765271463,7,Female,25.94745372149036,Single
30.88313226264452,82056.06146437851,5,Male,32.83265423561328,Divorced
31.96547859156271,83096.95293151474,6,Male,32.55686174677447,Married
91.66134672310902,133902.98533745322,14,Female,79.74561893700559,Divorced
26.018569765664346,80328.31070569632,6,Female,29.294435030339848,Married
16.79914612968787,83020.39677522385,5,Female,22.787526238389532,Married
24.426065051169466,62932.85112861739,10,Male,18.032335887004958,Married
32.92905902337162,88253.26643287005,6,Male,30.882079696227954,Divorced
15.754548918876342,75329.45785158456,12,Female,20.616141998253035,Married
12.129849626426278,79235.36956884032,6,Female,23.51809367455894,Single
37.85923122629385,61718.51011826639,6,Female,34.923279172309606,Married
43.52559670249905,55118.93126492988,11,Male,34.4063036420402,Married
25.94547458253521,68214.9675257908,6,Male,27.584541477046454,Married
23.979554093026042,82954.2450090539,6,Female,31.499581705246666,Single
41.569159926286865,68207.55398568092,9,Male,40.765020191522595,Married
11.535024683885268,79509.46397597023,12,Female,9.231353728512776,Single
32.54480082836843,57329.4794308939,10,Female,31.642267034023888,Married
21.254844614609638,87149.65923475727,6,Male,22.013831843690134,Married
10.088698724298684,177970.0329112102,12,Male,14.498121052030204,Divorced
83.66830745185453,138874.1701223102,13,Male,86.84953258774289,Divorced
14.335774781237419,55439.18031631636,6,Male,30.556909705974668,Married
30.07489767268688,60849.92616293469,10,Female,21.559593378939574,Single
24.582381836188638,167040.16974544467,11,Male,33.26483595142274,Married
84.10991348593107,137853.99962296296,14,Female,80.46225519354185,Single
16.915655701210895,87976.43021922348,11,Female,11.52987540308552,Single
30.800374567446134,81454.68054401033,12,Female,19.280575686295926,Married
39.08909149371219,179396.0246189564,12,Male,26.123636551584717,Single
19.203521887484303,67635.8696187502,11,Female,20.790758805193363,Married
32.02996107937085,34356.78399366063,10,Female,20.3368482518313,Divorced
39.54728846060088,152683.6270116434,12,Female,42.25729361174452,Married
2.5381235886108353,167956.05164860006,12,Male,14.233907433143205,Single
40.03289332644654,59203.38049308957,6,Male,36.49823943021052,Divorced
33.45190148971313,65781.80140589559,6,Female,27.858800147533515,Divorced
-2.297764830193426,71405.73787561036,11,Female,9.215704000981766,Single
27.621166368988828,162868.42282318638,11,Female,28.372969582621007,Divorced
9.76211408015175,67060.89363242013,11,Male,9.083138620023345,Married
33.454275928233955,49638.619391177795,11,Female,21.14775906066756,Married
20.695619977885755,164420.66426572617,13,Male,23.794447600906864,Divorced
18.7520611299674,59335.5326192809,11,Female,14.995527062944841,Divorced
22.750807008262647,60048.25890552852,10,Female,32.67671534593006,Married
41.593555068675734,179836.4485590291,12,Male,30.650764112313333,Single
97.9554011695669,121980.22452954703,13,Male,79.6976001032794,Single
49.52433387251877,70204.06335118026,5,Male,31.15251178636554,Married
67.53419754170258,136636.16282360454,14,Female,75.5098401259544,Single
6.335166840944595,52639.27162380621,10,Male,19.17350136555231,Divorced
0.05591621122320056,84514.20071781726,11,Female,6.917385276259672,Single
13.492550383939731,164753.25134271214,12,Female,28.277870198098526,Single
43.36688686137616,84991.50286698036,11,Male,20.534289859202637,Single
27.9666692953371,62900.7865818782,6,Male,21.55988893283687,Married
25.099753888593106,59502.137180526915,10,Female,17.736447703190514,Married
30.29054821386061,65254.57904889593,10,Female,23.367932993818414,Single
90.20668784549319,125164.74863009986,14,Female,87.22827815394875,Divorced
41.31048652836277,56060.6193219179,10,Male,34.5762577047312,Married
66.36934767092288,127040.75060535672,14,Male,82.297395950844,Married
75.5881255699472,157194.83545483885,13,Male,69.0555139148278,Married
20.32877238877156,84338.0999335344,6,Female,30.821512619327454,Divorced
6.784966601458732,81851.36305338022,12,Male,9.165147806315812,Single
36.15015384305456,175741.66170507215,13,Female,29.892804705227235,Divorced
30.864636775930258,77588.58700937676,12,Female,22.295919504828802,Divorced
34.515434250939855,180916.86447046674,13,Male,30.0239323629829,Single
21.752039553411418,157359.29873118477,12,Female,29.487387902854156,Divorced
30.630749479136497,63802.612432124166,6,Female,34.32387057339462,Divorced
15.48995286666614,170377.2802617438,13,Male,32.620421019255595,Divorced
45.80668705123704,59424.55556058472,6,Male,41.4168076641883,Married
14.871843784002122,175978.57906038006,12,Female,27.41420169734,Single
82.48961800766402,134741.39377766388,13,Male,77.92887979702235,Single
41.059945305334836,177010.2734230255,11,Male,37.44178543076081,Married
92.50716559523238,145846.2283035209,13,Female,79.38586274818994,Single
14.67257393592984,175648.03315512688,12,Male,17.81138698976288,Married
30.404872197597676,57358.175863606695,6,Female,32.94580261437181,Married
75.01747702513521,126998.3311058397,13,Female,84.08612043227532,Divorced
32.37658606730057,58170.74581101777,11,Female,29.07735823648132,Married
29.211102728919844,53845.600904999825,11,Male,30.23952221591673,Married
17.115833875897195,86682.18447527564,11,Male,13.723406727458244,Single
73.53208956773308,140743.81357509768,13,Male,75.23476826136347,Divorced
22.704420121282944,81506.2872469142,12,Male,15.939549372735698,Married
30.350574933749975,173449.55992290768,12,Male,25.820183230844375,Divorced
22.915200347189952,168614.78674234782,13,Female,24.62015647105914,Single
14.697312992770152,87101.27229760346,12,Female,17.07511554885955,Married
85.19618165879125,133131.65307065417,14,Female,86.06792936370334,Single
28.748188521314788,168954.54392334272,12,Female,24.390614691481645,Married
33.76480006062418,173656.61207267153,12,Male,32.18724511522016,Married
48.3134238771174,64530.36317822561,6,Male,27.75513283896408,Married
86.2520090881389,140534.02634418677,12,Female,87.55353789903266,Divorced
81.27265559491498,129745.70280095102,13,Male,80.85400776203042,Single
19.06063683855159,81112.96591764939,11,Female,20.13554511681366,Married
28.413083797174725,77917.16837902565,6,Male,31.78144297210646,Married
29.530531621962087,74607.18169176634,11,Male,23.59843347677173,Divorced
88.14780739085965,130498.8263345504,13,Female,85.21467379336592,Divorced
34.85002104511772,78898.37744474228,6,Male,36.954840354570884,Single
34.49964067212296,57011.39591406072,11,Male,29.4279579237284,Single
23.80264856611386,71416.18849663598,6,Female,28.22860482814297,Single
-0.4988402457444341,77436.08275965741,11,Male,13.846705641755179,Single
46.55936194169786,91711.41824769773,6,Male,32.0985162397276,Single
27.970044624392763,45055.266106902156,10,Male,17.53052023764767,Married
5.325676734009157,64444.23316956527,11,Male,12.513539433469276,Married
45.50243022467568,177877.86199815216,12,Male,37.51135302836586,Divorced
36.821404850235204,161653.03700212965,12,Female,41.64149425113551,Single
7.600468206825939,66826.21359581503,11,Female,9.5936030032633,Divorced
6.796940820398092,160794.97053338733,12,Female,26.170040580018487,Single
2.7139867982371033,81235.23104905277,12,Male,12.993923031845544,Married
42.12350438582588,59941.180859453525,11,Male,31.635816365701512,Married
24.560151002049448,163968.10261545377,11,Male,31.54054221908335,Divorced
95.99108499525646,123610.54898698474,13,Female,89.10036340576369,Divorced
23.86075746188057,68471.74002619536,11,Female,20.81080431862012,Single
38.073667386346045,62253.55675547659,10,Male,32.48340884415191,Single
19.88249307130981,81588.41037255335,11,Female,17.65632099624868,Single
13.884884592572634,78761.24177806229,11,Male,23.468259059820916,Divorced
71.51243380555422,137522.34363116592,14,Male,85.17274745795658,Single
17.24223177813861,71812.5399519803,6,Male,27.235475292248932,Married
30.844012306419728,169051.88727062495,12,Female,19.39635816787218,Single
44.213203232750445,161538.57848139474,12,Male,26.833585805922404,Married
11.087197428379262,86580.8683235571,6,Male,29.939264377920093,Single
36.52685124784951,84723.4112025307,6,Male,36.57775091337563,Single
29.460351458185883,65200.25213561124,10,Male,19.71969091712061,Single
23.78928904693204,85565.4382430423,12,Male,20.85820240410942,Single
24.176646259404976,91291.25384740344,6,Female,27.450539063147676,Married
9.097007074209529,74265.08161713209,6,Male,26.068002172544343,Single
23.22708694878669,48466.22890390335,10,Female,23.329514279135015,Divorced
80.41909521164773,136491.76124135466,14,Female,79.59413635442127,Single
67.50565102448165,143790.00444708407,13,Female,79.14680975093188,Single
23.059486671797305,176777.49357033812,12,Female,25.352863615623434,Single
26.2262854674779,167145.01323086923,12,Female,29.336138991164134,Divorced
29.820899348661627,73534.26864137319,6,Female,25.50902423857261,Divorced
18.27115140404461,184088.87809806736,12,Female,23.03924024136537,Married
22.184501094408446,90319.67107902016,6,Female,28.20044167918432,Divorced
25.20712521878097,79635.05510374272,11,Male,18.437841747748024,Divorced
19.647817602237787,61437.993698773105,11,Female,26.539566370147433,Single
10.090372341402432,181701.64883566508,12,Male,26.461783896797563,Single
32.88732000620671,199999.99999999997,12,Female,23.696470730711773,Married
22.56912086550647,63069.91308034347,11,Female,29.022504017191615,Married
28.448518580281913,63449.051813462385,11,Female,24.97728894254654,Single
80.69032098417902,147132.86412738566,13,Male,72.26917055860721,Divorced
22.241422253001737,64745.505217467624,11,Female,31.58407451393942,Divorced
71.55321942730804,137599.58588920822,14,Female,82.58177936085892,Single
25.373439615604696,64924.149289364315,10,Female,16.82565725240997,Married
94.82406537926965,156096.82765438507,13,Female,91.87740917000215,Divorced
27.933627877022982,77412.58111959015,6,Female,28.838450389892785,Divorced
16.806849204706815,163835.33386303255,12,Male,18.51466028311648,Divorced
86.84395824311382,150925.14084357064,13,Female,86.7280736073578,Single
33.907496961923144,72468.41596775691,6,Female,28.018705474480335,Single
11.105491845349945,73763.77845600978,11,Male,4.815409177461017,Married
29.517451115430116,177688.57512811935,12,Male,28.30316466898613,Single
82.50962355117669,120813.79469416635,14,Male,81.50915805138735,Married
96.69275707724609,132309.5404888577,13,Female,84.68546125049058,Divorced
38.1474340748729,83881.91590839878,6,Male,32.93620717018357,Married
21.048601212206133,73584.83905969663,6,Male,23.854153009639802,Single
34.511372190060996,73238.62380715663,6,Female,27.480763097194913,Married
87.06247139107298,143328.56873521616,13,Female,78.88775719228944,Married
19.93364161893957,83738.69093988047,11,Male,20.793601475596148,Married
33.623346644961835,62350.14903535269,11,Male,23.973112303247984,Single
25.097057087694463,58636.02712296603,10,Male,32.61106872573859,Divorced
23.95714404491593,79388.80144309968,6,Male,33.820590834101615,Married
43.91061588846436,75980.53661074524,6,Female,29.451840011810233,Divorced
15.94625399811203,62223.99883272906,5,Female,35.88658317840063,Married
95.83339903713393,140432.9940749365,13,Female,92.087594534154,Married
21.493166183837594,93340.2334205381,11,Male,28.50243261006983,Single
42.89083994535507,77108.43196102986,6,Male,29.98406838906851,Married
25.627671169149437,167675.14268423032,12,Male,16.914733019028045,Married
89.77676048850785,130092.66298203677,12,Female,92.13871411459331,Married
15.057559768154013,77637.40858002515,12,Male,16.793661955632803,Single
16.1488471919326,64108.10248170885,12,Male,16.389200651515463,Divorced
13.72358329343852,171181.49339666695,12,Male,32.0996066900089,Married
25.722345468436377,83404.96114259047,11,Female,24.161628011425485,Divorced
19.966408104483993,34731.64015987002,11,Female,27.548987340733635,Married
44.2114052132617,43273.27621453168,11,Male,32.24804740537648,Married
20.427793877950595,74313.01772690122,10,Female,24.07243288131633,Married
19.187975190908723,162356.13877803276,12,Female,19.159397691655588,Divorced
27.291869951215954,93692.08121582895,12,Male,19.56042546752085,Married
28.00364150045691,176400.78488285438,12,Female,26.89333393355618,Single
15.129961162469218,173301.730373037,12,Female,21.95462093182251,Married
29.109471669916303,155803.5654571931,12,Male,29.716641127078645,Single
12.930292293356262,81956.9782533925,11,Male,11.589822946838705,Single
23.276758434068785,167406.78645266837,12,Male,24.976491473405954,Single
79.99678321217772,133692.46832534962,13,Female,80.71283613263276,Single
32.00942971846495,65945.08478567871,6,Female,26.05272560774973,Married
96.98983487385922,147402.5925541691,14,Male,86.63878031131168,Divorced
31.05270008241301,58339.7292030213,11,Female,28.40961807163859,Single
14.222572478673829,73818.17568605297,6,Male,31.27517389726109,Single
32.55245551256948,55342.16216636851,11,Female,34.29381460837564,Divorced
29.10311874610001,73742.57827746059,6,Male,25.940102281373036,Married
40.579061439723624,85762.90105132287,6,Male,30.431759472415877,Divorced
31.05825384087984,161855.33013823722,13,Male,30.991539133424343,Single
34.25492571900761,49924.28883783211,10,Female,21.498249410221703,Divorced
18.994302685991347,67953.54617089489,12,Male,7.606258221222351,Single
18.866221172133443,78165.68331702708,12,Male,11.123280176044762,Divorced
39.64844408274047,76707.79442941322,6,Male,30.19246876713772,Single
-0.39109533554754883,74392.25297288092,12,Male,9.171950571246281,Single
23.53684490083127,175754.86744819634,12,Male,23.853630657891618,Divorced
11.386428033835028,76239.32989615935,6,Female,24.67571500609285,Divorced
15.94408986976553,80243.71410501056,11,Female,16.22020882334402,Divorced
18.416378511222195,83528.05100528165,12,Female,14.298700902677695,Single
34.77383531410356,49460.058818213496,10,Male,38.25139749679403,Divorced
104.6195444362464,125302.23169211858,13,Female,85.21377982973112,Single
14.145216052466532,82151.82361948685,12,Female,21.628375127749187,Single
45.89500786998636,53448.33978240716,11,Male,41.050731910238184,Divorced
1.900243991815632,184927.50075432728,12,Female,20.195276924835202,Single
78.50928589521396,134785.96051393793,13,Male,85.75350614423536,Divorced
16.785332633174374,72218.50037385177,11,Male,17.087733350963568,Single
38.39339180516689,70312.7693406711,6,Male,32.39848546137154,Married
49.510801460275346,169831.62056056203,12,Male,32.847392918811146,Single
88.33889554470635,146849.55523087125,13,Male,88.87658686735591,Divorced
70.2010079959943,145135.72536882237,13,Female,86.63421799664857,Married
22.23961147482702,171392.89913791243,13,Male,22.080827958292343,Single
70.12086015540397,126893.59448450737,13,Female,85.23431750272113,Married
22.170919900327583,36396.46518743719,10,Female,26.941728542963105,Married
30.78856054902039,82127.01310093958,12,Female,25.66981567397182,Married
20.21163613148491,163502.79936806686,12,Female,20.90465475564995,Married
22.799117324906916,81473.8127185537,12,Female,24.867121403770366,Single
26.784775091494183,73983.28676473016,11,Male,16.018291309012493,Divorced
22.56206689600792,76095.39118747125,6,Male,26.218328746867037,Single
30.894291293926877,78916.89330439082,6,Male,26.589491727778004,Married
16.05396692148626,79372.9921855506,6,Male,20.010972670000776,Divorced
33.16352469037032,70068.14500874112,6,Female,34.55435897189553,Married
30.0725729465325,76084.44209180656,10,Female,31.234422885279532,Divorced
90.65059396726284,143368.52420639718,13,Female,89.63374018809318,Single
22.427785840555277,60401.76152823292,11,Female,33.034952889340204,Divorced
7.778059658697153,62342.573345386656,11,Male,19.70510105934712,Single
94.42084116865091,127542.69753060951,13,Male,92.24998989316501,Divorced
91.18983554677656,119242.025732901,12,Male,89.14374152844707,Single
46.46458100648284,172077.79568000053,13,Male,38.627991076499086,Married
23.3924223989181,76976.4730793224,6,Male,30.0593111631992,Divorced
9.645075286941228,66532.48694404973,11,Female,17.40434112609672,Married
11.517650695387005,52638.904603772084,10,Female,20.5944005390681,Single
8.537895675807473,69970.51825806827,12,Male,14.790091443946796,Divorced
30.89024375077557,77433.38057954953,6,Male,21.931795501251464,Divorced
73.82038767255187,152910.65692524798,13,Female,79.83657317905781,Divorced
17.8530719949507,73569.31937873934,6,Female,18.858665963763052,Divorced
29.249101280486478,72667.31023246155,10,Male,28.81177164077983,Single
90.33521096930869,135696.97330152662,14,Female,97.37130023765799,Married
24.39405869055414,67237.79806231309,10,Female,29.70011018915574,Divorced
18.039769588689754,50962.09211048827,10,Female,24.689485694812326,Divorced
3.0930708287991635,72886.11791112262,11,Female,17.447696671339372,Divorced
7.971883873924046,165698.61002044202,12,Male,25.397515574146624,Married
24.669502375604115,74802.45850142096,11,Male,16.08009026765939,Single
13.508344653346766,187005.24340333516,12,Female,20.914457696550578,Married
12.362529144477541,82234.9063013811,12,Male,12.290780505069428,Married
7.747237739688561,171791.970877996,12,Female,24.33548380957874,Divorced
45.33474355024673,66476.43063012921,6,Female,32.82803664503673,Married
67.79307998329057,127310.85148427179,14,Male,79.21365682697646,Divorced
32.47940348906915,75354.09774629044,6,Male,23.69325261822234,Single
37.36295098257319,70472.28975491866,11,Male,29.295503110278407,Divorced
11.340788963732253,169309.84407108315,12,Male,21.985267407430445,Divorced
22.157625675288106,75889.28908746805,12,Female,8.93946153751915,Single
76.73264335346201,139686.32844505206,13,Female,90.67132845247687,Single
74.64496385501377,144512.06731832618,14,Male,82.74762072678493,Single
36.1659699884232,57639.94939161175,9,Male,29.246384161745972,Divorced
12.717197473393107,81868.16175161756,6,Male,30.3191507985574,Married
79.22835592836411,135581.40852891412,14,Male,77.79889096292476,Single
16.54456121962379,180250.21964509657,12,Female,24.01166025091431,Married
16.956808190190316,87647.56594986763,11,Male,21.81730856345785,Married
26.379771537766796,85497.59786499728,10,Male,28.568907227246964,Single
8.526511815861966,170193.38480511593,12,Male,27.76848336827857,Single
28.752594581162466,180467.07805147473,12,Male,30.64291059648839,Single
18.4743879915302,162849.1863018404,12,Male,26.704870712288937,Single
29.84932712550984,168604.60031234293,12,Female,36.380671593076435,Married
24.337012938750988,58353.09538149623,10,Female,24.105490814656477,Divorced
31.884545573608776,83544.66969280812,12,Male,23.892495917383876,Single
16.476177267989204,165212.358974776,12,Male,27.928865811839135,Divorced
19.79447671884143,176826.94036216883,12,Male,26.321033604114433,Single
41.57999847324116,69168.65750503185,10,Male,28.94768423147498,Single
